<?xml version="1.0" encoding="UTF-8"?>
<metadata xml:lang="en"><Esri><CreaDate>20161110</CreaDate><CreaTime>14180200</CreaTime><ArcGISFormat>1.0</ArcGISFormat><SyncOnce>FALSE</SyncOnce><DataProperties><itemProps><itemName Sync="TRUE">Lookup1</itemName><imsContentType Sync="TRUE">002</imsContentType><itemSize Sync="TRUE">0.005</itemSize><itemLocation><linkage Sync="TRUE">file://\\BSE-ANDY\C$\Users\Andy\Desktop\townbrook\tb_s2\Lookup1.dbf</linkage><protocol Sync="TRUE">Local Area Network</protocol></itemLocation></itemProps><lineage><Process ToolSource="c:\program files (x86)\arcgis\desktop10.2\ArcToolbox\Toolboxes\Conversion Tools.tbx\TableToTable" Date="20161110" Time="141802">TableToTable C:\Users\Andy\Desktop\townbrook\tb_s2\RasterStore.mdb\Topography C:\Users\Andy\Desktop\townbrook\tb_s2 Lookup1.dbf # "Value "Value" false false false 9 Long 0 9 ,First,#,C:\Users\Andy\Desktop\townbrook\tb_s2\RasterStore.mdb\Topography,Value,-1,-1;Count "Count" false false false 19 Double 0 0 ,First,#,C:\Users\Andy\Desktop\townbrook\tb_s2\RasterStore.mdb\Topography,Count,-1,-1;DSMWRas "DSMWRas" true false false 9 Long 0 9 ,First,#,C:\Users\Andy\Desktop\townbrook\tb_s2\RasterStore.mdb\Topography,DSMWRas,-1,-1;TI_Class "TI_Class" true false false 9 Long 0 9 ,First,#,C:\Users\Andy\Desktop\townbrook\tb_s2\RasterStore.mdb\Topography,TI_Class,-1,-1;DEMIncr "DEMIncr" true false false 9 Long 0 9 ,First,#,C:\Users\Andy\Desktop\townbrook\tb_s2\RasterStore.mdb\Topography,DEMIncr,-1,-1;FlowDir8 "FlowDir8" true false false 9 Long 0 9 ,First,#,C:\Users\Andy\Desktop\townbrook\tb_s2\RasterStore.mdb\Topography,FlowDir8,-1,-1;Value_1 "Value_1" true false false 9 Long 0 9 ,First,#,C:\Users\Andy\Desktop\townbrook\tb_s2\RasterStore.mdb\Topography,Value_1,-1,-1;Count_1 "Count_1" true false false 19 Double 0 0 ,First,#,C:\Users\Andy\Desktop\townbrook\tb_s2\RasterStore.mdb\Topography,Count_1,-1,-1;MUID "MUID" true false false 254 Text 0 0 ,First,#,C:\Users\Andy\Desktop\townbrook\tb_s2\RasterStore.mdb\Topography,MUID,-1,-1;SEQN "SEQN" true false false 50 Text 0 0 ,First,#,C:\Users\Andy\Desktop\townbrook\tb_s2\RasterStore.mdb\Topography,SEQN,-1,-1;SNAM "SNAM" true false false 254 Text 0 0 ,First,#,C:\Users\Andy\Desktop\townbrook\tb_s2\RasterStore.mdb\Topography,SNAM,-1,-1;S5ID "S5ID" true false false 254 Text 0 0 ,First,#,C:\Users\Andy\Desktop\townbrook\tb_s2\RasterStore.mdb\Topography,S5ID,-1,-1;CMPPCT "CMPPCT" true false false 254 Text 0 0 ,First,#,C:\Users\Andy\Desktop\townbrook\tb_s2\RasterStore.mdb\Topography,CMPPCT,-1,-1;NLAYERS "NLAYERS" true false false 19 Double 0 0 ,First,#,C:\Users\Andy\Desktop\townbrook\tb_s2\RasterStore.mdb\Topography,NLAYERS,-1,-1;HYDGRP "HYDGRP" true false false 3 Text 0 0 ,First,#,C:\Users\Andy\Desktop\townbrook\tb_s2\RasterStore.mdb\Topography,HYDGRP,-1,-1;SOL_ZMX "SOL_ZMX" true false false 19 Double 0 0 ,First,#,C:\Users\Andy\Desktop\townbrook\tb_s2\RasterStore.mdb\Topography,SOL_ZMX,-1,-1;ANION_EXCL "ANION_EXCL" true false false 19 Double 0 0 ,First,#,C:\Users\Andy\Desktop\townbrook\tb_s2\RasterStore.mdb\Topography,ANION_EXCL,-1,-1;SOL_CRK "SOL_CRK" true false false 19 Double 0 0 ,First,#,C:\Users\Andy\Desktop\townbrook\tb_s2\RasterStore.mdb\Topography,SOL_CRK,-1,-1;TEXTURE "TEXTURE" true false false 254 Text 0 0 ,First,#,C:\Users\Andy\Desktop\townbrook\tb_s2\RasterStore.mdb\Topography,TEXTURE,-1,-1;SOL_Z1 "SOL_Z1" true false false 19 Double 0 0 ,First,#,C:\Users\Andy\Desktop\townbrook\tb_s2\RasterStore.mdb\Topography,SOL_Z1,-1,-1;SOL_BD1 "SOL_BD1" true false false 19 Double 0 0 ,First,#,C:\Users\Andy\Desktop\townbrook\tb_s2\RasterStore.mdb\Topography,SOL_BD1,-1,-1;SOL_AWC1 "SOL_AWC1" true false false 19 Double 0 0 ,First,#,C:\Users\Andy\Desktop\townbrook\tb_s2\RasterStore.mdb\Topography,SOL_AWC1,-1,-1;SOL_K1 "SOL_K1" true false false 19 Double 0 0 ,First,#,C:\Users\Andy\Desktop\townbrook\tb_s2\RasterStore.mdb\Topography,SOL_K1,-1,-1;SOL_CBN1 "SOL_CBN1" true false false 19 Double 0 0 ,First,#,C:\Users\Andy\Desktop\townbrook\tb_s2\RasterStore.mdb\Topography,SOL_CBN1,-1,-1;CLAY1 "CLAY1" true false false 19 Double 0 0 ,First,#,C:\Users\Andy\Desktop\townbrook\tb_s2\RasterStore.mdb\Topography,CLAY1,-1,-1;SILT1 "SILT1" true false false 19 Double 0 0 ,First,#,C:\Users\Andy\Desktop\townbrook\tb_s2\RasterStore.mdb\Topography,SILT1,-1,-1;SAND1 "SAND1" true false false 19 Double 0 0 ,First,#,C:\Users\Andy\Desktop\townbrook\tb_s2\RasterStore.mdb\Topography,SAND1,-1,-1;ROCK1 "ROCK1" true false false 19 Double 0 0 ,First,#,C:\Users\Andy\Desktop\townbrook\tb_s2\RasterStore.mdb\Topography,ROCK1,-1,-1;SOL_ALB1 "SOL_ALB1" true false false 19 Double 0 0 ,First,#,C:\Users\Andy\Desktop\townbrook\tb_s2\RasterStore.mdb\Topography,SOL_ALB1,-1,-1;USLE_K1 "USLE_K1" true false false 19 Double 0 0 ,First,#,C:\Users\Andy\Desktop\townbrook\tb_s2\RasterStore.mdb\Topography,USLE_K1,-1,-1;SOL_EC1 "SOL_EC1" true false false 19 Double 0 0 ,First,#,C:\Users\Andy\Desktop\townbrook\tb_s2\RasterStore.mdb\Topography,SOL_EC1,-1,-1;SOL_Z2 "SOL_Z2" true false false 19 Double 0 0 ,First,#,C:\Users\Andy\Desktop\townbrook\tb_s2\RasterStore.mdb\Topography,SOL_Z2,-1,-1;SOL_BD2 "SOL_BD2" true false false 19 Double 0 0 ,First,#,C:\Users\Andy\Desktop\townbrook\tb_s2\RasterStore.mdb\Topography,SOL_BD2,-1,-1;SOL_AWC2 "SOL_AWC2" true false false 19 Double 0 0 ,First,#,C:\Users\Andy\Desktop\townbrook\tb_s2\RasterStore.mdb\Topography,SOL_AWC2,-1,-1;SOL_K2 "SOL_K2" true false false 19 Double 0 0 ,First,#,C:\Users\Andy\Desktop\townbrook\tb_s2\RasterStore.mdb\Topography,SOL_K2,-1,-1;SOL_CBN2 "SOL_CBN2" true false false 19 Double 0 0 ,First,#,C:\Users\Andy\Desktop\townbrook\tb_s2\RasterStore.mdb\Topography,SOL_CBN2,-1,-1;CLAY2 "CLAY2" true false false 19 Double 0 0 ,First,#,C:\Users\Andy\Desktop\townbrook\tb_s2\RasterStore.mdb\Topography,CLAY2,-1,-1;SILT2 "SILT2" true false false 19 Double 0 0 ,First,#,C:\Users\Andy\Desktop\townbrook\tb_s2\RasterStore.mdb\Topography,SILT2,-1,-1;SAND2 "SAND2" true false false 19 Double 0 0 ,First,#,C:\Users\Andy\Desktop\townbrook\tb_s2\RasterStore.mdb\Topography,SAND2,-1,-1;ROCK2 "ROCK2" true false false 19 Double 0 0 ,First,#,C:\Users\Andy\Desktop\townbrook\tb_s2\RasterStore.mdb\Topography,ROCK2,-1,-1;SOL_ALB2 "SOL_ALB2" true false false 19 Double 0 0 ,First,#,C:\Users\Andy\Desktop\townbrook\tb_s2\RasterStore.mdb\Topography,SOL_ALB2,-1,-1;USLE_K2 "USLE_K2" true false false 19 Double 0 0 ,First,#,C:\Users\Andy\Desktop\townbrook\tb_s2\RasterStore.mdb\Topography,USLE_K2,-1,-1;SOL_EC2 "SOL_EC2" true false false 19 Double 0 0 ,First,#,C:\Users\Andy\Desktop\townbrook\tb_s2\RasterStore.mdb\Topography,SOL_EC2,-1,-1;SOL_Z3 "SOL_Z3" true false false 19 Double 0 0 ,First,#,C:\Users\Andy\Desktop\townbrook\tb_s2\RasterStore.mdb\Topography,SOL_Z3,-1,-1;SOL_BD3 "SOL_BD3" true false false 19 Double 0 0 ,First,#,C:\Users\Andy\Desktop\townbrook\tb_s2\RasterStore.mdb\Topography,SOL_BD3,-1,-1;SOL_AWC3 "SOL_AWC3" true false false 19 Double 0 0 ,First,#,C:\Users\Andy\Desktop\townbrook\tb_s2\RasterStore.mdb\Topography,SOL_AWC3,-1,-1;SOL_K3 "SOL_K3" true false false 19 Double 0 0 ,First,#,C:\Users\Andy\Desktop\townbrook\tb_s2\RasterStore.mdb\Topography,SOL_K3,-1,-1;SOL_CBN3 "SOL_CBN3" true false false 19 Double 0 0 ,First,#,C:\Users\Andy\Desktop\townbrook\tb_s2\RasterStore.mdb\Topography,SOL_CBN3,-1,-1;CLAY3 "CLAY3" true false false 19 Double 0 0 ,First,#,C:\Users\Andy\Desktop\townbrook\tb_s2\RasterStore.mdb\Topography,CLAY3,-1,-1;SILT3 "SILT3" true false false 19 Double 0 0 ,First,#,C:\Users\Andy\Desktop\townbrook\tb_s2\RasterStore.mdb\Topography,SILT3,-1,-1;SAND3 "SAND3" true false false 19 Double 0 0 ,First,#,C:\Users\Andy\Desktop\townbrook\tb_s2\RasterStore.mdb\Topography,SAND3,-1,-1;ROCK3 "ROCK3" true false false 19 Double 0 0 ,First,#,C:\Users\Andy\Desktop\townbrook\tb_s2\RasterStore.mdb\Topography,ROCK3,-1,-1;SOL_ALB3 "SOL_ALB3" true false false 19 Double 0 0 ,First,#,C:\Users\Andy\Desktop\townbrook\tb_s2\RasterStore.mdb\Topography,SOL_ALB3,-1,-1;USLE_K3 "USLE_K3" true false false 19 Double 0 0 ,First,#,C:\Users\Andy\Desktop\townbrook\tb_s2\RasterStore.mdb\Topography,USLE_K3,-1,-1;SOL_EC3 "SOL_EC3" true false false 19 Double 0 0 ,First,#,C:\Users\Andy\Desktop\townbrook\tb_s2\RasterStore.mdb\Topography,SOL_EC3,-1,-1;SOL_Z4 "SOL_Z4" true false false 19 Double 0 0 ,First,#,C:\Users\Andy\Desktop\townbrook\tb_s2\RasterStore.mdb\Topography,SOL_Z4,-1,-1;SOL_BD4 "SOL_BD4" true false false 19 Double 0 0 ,First,#,C:\Users\Andy\Desktop\townbrook\tb_s2\RasterStore.mdb\Topography,SOL_BD4,-1,-1;SOL_AWC4 "SOL_AWC4" true false false 19 Double 0 0 ,First,#,C:\Users\Andy\Desktop\townbrook\tb_s2\RasterStore.mdb\Topography,SOL_AWC4,-1,-1;SOL_K4 "SOL_K4" true false false 19 Double 0 0 ,First,#,C:\Users\Andy\Desktop\townbrook\tb_s2\RasterStore.mdb\Topography,SOL_K4,-1,-1;SOL_CBN4 "SOL_CBN4" true false false 19 Double 0 0 ,First,#,C:\Users\Andy\Desktop\townbrook\tb_s2\RasterStore.mdb\Topography,SOL_CBN4,-1,-1;CLAY4 "CLAY4" true false false 19 Double 0 0 ,First,#,C:\Users\Andy\Desktop\townbrook\tb_s2\RasterStore.mdb\Topography,CLAY4,-1,-1;SILT4 "SILT4" true false false 19 Double 0 0 ,First,#,C:\Users\Andy\Desktop\townbrook\tb_s2\RasterStore.mdb\Topography,SILT4,-1,-1;SAND4 "SAND4" true false false 19 Double 0 0 ,First,#,C:\Users\Andy\Desktop\townbrook\tb_s2\RasterStore.mdb\Topography,SAND4,-1,-1;ROCK4 "ROCK4" true false false 19 Double 0 0 ,First,#,C:\Users\Andy\Desktop\townbrook\tb_s2\RasterStore.mdb\Topography,ROCK4,-1,-1;SOL_ALB4 "SOL_ALB4" true false false 19 Double 0 0 ,First,#,C:\Users\Andy\Desktop\townbrook\tb_s2\RasterStore.mdb\Topography,SOL_ALB4,-1,-1;USLE_K4 "USLE_K4" true false false 19 Double 0 0 ,First,#,C:\Users\Andy\Desktop\townbrook\tb_s2\RasterStore.mdb\Topography,USLE_K4,-1,-1;SOL_EC4 "SOL_EC4" true false false 19 Double 0 0 ,First,#,C:\Users\Andy\Desktop\townbrook\tb_s2\RasterStore.mdb\Topography,SOL_EC4,-1,-1;SOL_Z5 "SOL_Z5" true false false 19 Double 0 0 ,First,#,C:\Users\Andy\Desktop\townbrook\tb_s2\RasterStore.mdb\Topography,SOL_Z5,-1,-1;SOL_BD5 "SOL_BD5" true false false 19 Double 0 0 ,First,#,C:\Users\Andy\Desktop\townbrook\tb_s2\RasterStore.mdb\Topography,SOL_BD5,-1,-1;SOL_AWC5 "SOL_AWC5" true false false 19 Double 0 0 ,First,#,C:\Users\Andy\Desktop\townbrook\tb_s2\RasterStore.mdb\Topography,SOL_AWC5,-1,-1;SOL_K5 "SOL_K5" true false false 19 Double 0 0 ,First,#,C:\Users\Andy\Desktop\townbrook\tb_s2\RasterStore.mdb\Topography,SOL_K5,-1,-1;SOL_CBN5 "SOL_CBN5" true false false 19 Double 0 0 ,First,#,C:\Users\Andy\Desktop\townbrook\tb_s2\RasterStore.mdb\Topography,SOL_CBN5,-1,-1;CLAY5 "CLAY5" true false false 19 Double 0 0 ,First,#,C:\Users\Andy\Desktop\townbrook\tb_s2\RasterStore.mdb\Topography,CLAY5,-1,-1;SILT5 "SILT5" true false false 19 Double 0 0 ,First,#,C:\Users\Andy\Desktop\townbrook\tb_s2\RasterStore.mdb\Topography,SILT5,-1,-1;SAND5 "SAND5" true false false 19 Double 0 0 ,First,#,C:\Users\Andy\Desktop\townbrook\tb_s2\RasterStore.mdb\Topography,SAND5,-1,-1;ROCK5 "ROCK5" true false false 19 Double 0 0 ,First,#,C:\Users\Andy\Desktop\townbrook\tb_s2\RasterStore.mdb\Topography,ROCK5,-1,-1;SOL_ALB5 "SOL_ALB5" true false false 19 Double 0 0 ,First,#,C:\Users\Andy\Desktop\townbrook\tb_s2\RasterStore.mdb\Topography,SOL_ALB5,-1,-1;USLE_K5 "USLE_K5" true false false 19 Double 0 0 ,First,#,C:\Users\Andy\Desktop\townbrook\tb_s2\RasterStore.mdb\Topography,USLE_K5,-1,-1;SOL_EC5 "SOL_EC5" true false false 19 Double 0 0 ,First,#,C:\Users\Andy\Desktop\townbrook\tb_s2\RasterStore.mdb\Topography,SOL_EC5,-1,-1;SOL_Z6 "SOL_Z6" true false false 19 Double 0 0 ,First,#,C:\Users\Andy\Desktop\townbrook\tb_s2\RasterStore.mdb\Topography,SOL_Z6,-1,-1;SOL_BD6 "SOL_BD6" true false false 19 Double 0 0 ,First,#,C:\Users\Andy\Desktop\townbrook\tb_s2\RasterStore.mdb\Topography,SOL_BD6,-1,-1;SOL_AWC6 "SOL_AWC6" true false false 19 Double 0 0 ,First,#,C:\Users\Andy\Desktop\townbrook\tb_s2\RasterStore.mdb\Topography,SOL_AWC6,-1,-1;SOL_K6 "SOL_K6" true false false 19 Double 0 0 ,First,#,C:\Users\Andy\Desktop\townbrook\tb_s2\RasterStore.mdb\Topography,SOL_K6,-1,-1;SOL_CBN6 "SOL_CBN6" true false false 19 Double 0 0 ,First,#,C:\Users\Andy\Desktop\townbrook\tb_s2\RasterStore.mdb\Topography,SOL_CBN6,-1,-1;CLAY6 "CLAY6" true false false 19 Double 0 0 ,First,#,C:\Users\Andy\Desktop\townbrook\tb_s2\RasterStore.mdb\Topography,CLAY6,-1,-1;SILT6 "SILT6" true false false 19 Double 0 0 ,First,#,C:\Users\Andy\Desktop\townbrook\tb_s2\RasterStore.mdb\Topography,SILT6,-1,-1;SAND6 "SAND6" true false false 19 Double 0 0 ,First,#,C:\Users\Andy\Desktop\townbrook\tb_s2\RasterStore.mdb\Topography,SAND6,-1,-1;ROCK6 "ROCK6" true false false 19 Double 0 0 ,First,#,C:\Users\Andy\Desktop\townbrook\tb_s2\RasterStore.mdb\Topography,ROCK6,-1,-1;SOL_ALB6 "SOL_ALB6" true false false 19 Double 0 0 ,First,#,C:\Users\Andy\Desktop\townbrook\tb_s2\RasterStore.mdb\Topography,SOL_ALB6,-1,-1;USLE_K6 "USLE_K6" true false false 19 Double 0 0 ,First,#,C:\Users\Andy\Desktop\townbrook\tb_s2\RasterStore.mdb\Topography,USLE_K6,-1,-1;SOL_EC6 "SOL_EC6" true false false 19 Double 0 0 ,First,#,C:\Users\Andy\Desktop\townbrook\tb_s2\RasterStore.mdb\Topography,SOL_EC6,-1,-1;SOL_Z7 "SOL_Z7" true false false 19 Double 0 0 ,First,#,C:\Users\Andy\Desktop\townbrook\tb_s2\RasterStore.mdb\Topography,SOL_Z7,-1,-1;SOL_BD7 "SOL_BD7" true false false 19 Double 0 0 ,First,#,C:\Users\Andy\Desktop\townbrook\tb_s2\RasterStore.mdb\Topography,SOL_BD7,-1,-1;SOL_AWC7 "SOL_AWC7" true false false 19 Double 0 0 ,First,#,C:\Users\Andy\Desktop\townbrook\tb_s2\RasterStore.mdb\Topography,SOL_AWC7,-1,-1;SOL_K7 "SOL_K7" true false false 19 Double 0 0 ,First,#,C:\Users\Andy\Desktop\townbrook\tb_s2\RasterStore.mdb\Topography,SOL_K7,-1,-1;SOL_CBN7 "SOL_CBN7" true false false 19 Double 0 0 ,First,#,C:\Users\Andy\Desktop\townbrook\tb_s2\RasterStore.mdb\Topography,SOL_CBN7,-1,-1;CLAY7 "CLAY7" true false false 19 Double 0 0 ,First,#,C:\Users\Andy\Desktop\townbrook\tb_s2\RasterStore.mdb\Topography,CLAY7,-1,-1;SILT7 "SILT7" true false false 19 Double 0 0 ,First,#,C:\Users\Andy\Desktop\townbrook\tb_s2\RasterStore.mdb\Topography,SILT7,-1,-1;SAND7 "SAND7" true false false 19 Double 0 0 ,First,#,C:\Users\Andy\Desktop\townbrook\tb_s2\RasterStore.mdb\Topography,SAND7,-1,-1;ROCK7 "ROCK7" true false false 19 Double 0 0 ,First,#,C:\Users\Andy\Desktop\townbrook\tb_s2\RasterStore.mdb\Topography,ROCK7,-1,-1;SOL_ALB7 "SOL_ALB7" true false false 19 Double 0 0 ,First,#,C:\Users\Andy\Desktop\townbrook\tb_s2\RasterStore.mdb\Topography,SOL_ALB7,-1,-1;USLE_K7 "USLE_K7" true false false 19 Double 0 0 ,First,#,C:\Users\Andy\Desktop\townbrook\tb_s2\RasterStore.mdb\Topography,USLE_K7,-1,-1;SOL_EC7 "SOL_EC7" true false false 19 Double 0 0 ,First,#,C:\Users\Andy\Desktop\townbrook\tb_s2\RasterStore.mdb\Topography,SOL_EC7,-1,-1;SOL_Z8 "SOL_Z8" true false false 19 Double 0 0 ,First,#,C:\Users\Andy\Desktop\townbrook\tb_s2\RasterStore.mdb\Topography,SOL_Z8,-1,-1;SOL_BD8 "SOL_BD8" true false false 19 Double 0 0 ,First,#,C:\Users\Andy\Desktop\townbrook\tb_s2\RasterStore.mdb\Topography,SOL_BD8,-1,-1;SOL_AWC8 "SOL_AWC8" true false false 19 Double 0 0 ,First,#,C:\Users\Andy\Desktop\townbrook\tb_s2\RasterStore.mdb\Topography,SOL_AWC8,-1,-1;SOL_K8 "SOL_K8" true false false 19 Double 0 0 ,First,#,C:\Users\Andy\Desktop\townbrook\tb_s2\RasterStore.mdb\Topography,SOL_K8,-1,-1;SOL_CBN8 "SOL_CBN8" true false false 19 Double 0 0 ,First,#,C:\Users\Andy\Desktop\townbrook\tb_s2\RasterStore.mdb\Topography,SOL_CBN8,-1,-1;CLAY8 "CLAY8" true false false 19 Double 0 0 ,First,#,C:\Users\Andy\Desktop\townbrook\tb_s2\RasterStore.mdb\Topography,CLAY8,-1,-1;SILT8 "SILT8" true false false 19 Double 0 0 ,First,#,C:\Users\Andy\Desktop\townbrook\tb_s2\RasterStore.mdb\Topography,SILT8,-1,-1;SAND8 "SAND8" true false false 19 Double 0 0 ,First,#,C:\Users\Andy\Desktop\townbrook\tb_s2\RasterStore.mdb\Topography,SAND8,-1,-1;ROCK8 "ROCK8" true false false 19 Double 0 0 ,First,#,C:\Users\Andy\Desktop\townbrook\tb_s2\RasterStore.mdb\Topography,ROCK8,-1,-1;SOL_ALB8 "SOL_ALB8" true false false 19 Double 0 0 ,First,#,C:\Users\Andy\Desktop\townbrook\tb_s2\RasterStore.mdb\Topography,SOL_ALB8,-1,-1;USLE_K8 "USLE_K8" true false false 19 Double 0 0 ,First,#,C:\Users\Andy\Desktop\townbrook\tb_s2\RasterStore.mdb\Topography,USLE_K8,-1,-1;SOL_EC8 "SOL_EC8" true false false 19 Double 0 0 ,First,#,C:\Users\Andy\Desktop\townbrook\tb_s2\RasterStore.mdb\Topography,SOL_EC8,-1,-1;SOL_Z9 "SOL_Z9" true false false 19 Double 0 0 ,First,#,C:\Users\Andy\Desktop\townbrook\tb_s2\RasterStore.mdb\Topography,SOL_Z9,-1,-1;SOL_BD9 "SOL_BD9" true false false 19 Double 0 0 ,First,#,C:\Users\Andy\Desktop\townbrook\tb_s2\RasterStore.mdb\Topography,SOL_BD9,-1,-1;SOL_AWC9 "SOL_AWC9" true false false 19 Double 0 0 ,First,#,C:\Users\Andy\Desktop\townbrook\tb_s2\RasterStore.mdb\Topography,SOL_AWC9,-1,-1;SOL_K9 "SOL_K9" true false false 19 Double 0 0 ,First,#,C:\Users\Andy\Desktop\townbrook\tb_s2\RasterStore.mdb\Topography,SOL_K9,-1,-1;SOL_CBN9 "SOL_CBN9" true false false 19 Double 0 0 ,First,#,C:\Users\Andy\Desktop\townbrook\tb_s2\RasterStore.mdb\Topography,SOL_CBN9,-1,-1;CLAY9 "CLAY9" true false false 19 Double 0 0 ,First,#,C:\Users\Andy\Desktop\townbrook\tb_s2\RasterStore.mdb\Topography,CLAY9,-1,-1;SILT9 "SILT9" true false false 19 Double 0 0 ,First,#,C:\Users\Andy\Desktop\townbrook\tb_s2\RasterStore.mdb\Topography,SILT9,-1,-1;SAND9 "SAND9" true false false 19 Double 0 0 ,First,#,C:\Users\Andy\Desktop\townbrook\tb_s2\RasterStore.mdb\Topography,SAND9,-1,-1;ROCK9 "ROCK9" true false false 19 Double 0 0 ,First,#,C:\Users\Andy\Desktop\townbrook\tb_s2\RasterStore.mdb\Topography,ROCK9,-1,-1;SOL_ALB9 "SOL_ALB9" true false false 19 Double 0 0 ,First,#,C:\Users\Andy\Desktop\townbrook\tb_s2\RasterStore.mdb\Topography,SOL_ALB9,-1,-1;USLE_K9 "USLE_K9" true false false 19 Double 0 0 ,First,#,C:\Users\Andy\Desktop\townbrook\tb_s2\RasterStore.mdb\Topography,USLE_K9,-1,-1;SOL_EC9 "SOL_EC9" true false false 19 Double 0 0 ,First,#,C:\Users\Andy\Desktop\townbrook\tb_s2\RasterStore.mdb\Topography,SOL_EC9,-1,-1;SOL_Z10 "SOL_Z10" true false false 19 Double 0 0 ,First,#,C:\Users\Andy\Desktop\townbrook\tb_s2\RasterStore.mdb\Topography,SOL_Z10,-1,-1;SOL_BD10 "SOL_BD10" true false false 19 Double 0 0 ,First,#,C:\Users\Andy\Desktop\townbrook\tb_s2\RasterStore.mdb\Topography,SOL_BD10,-1,-1;SOL_AWC10 "SOL_AWC10" true false false 19 Double 0 0 ,First,#,C:\Users\Andy\Desktop\townbrook\tb_s2\RasterStore.mdb\Topography,SOL_AWC10,-1,-1;SOL_K10 "SOL_K10" true false false 19 Double 0 0 ,First,#,C:\Users\Andy\Desktop\townbrook\tb_s2\RasterStore.mdb\Topography,SOL_K10,-1,-1;SOL_CBN10 "SOL_CBN10" true false false 19 Double 0 0 ,First,#,C:\Users\Andy\Desktop\townbrook\tb_s2\RasterStore.mdb\Topography,SOL_CBN10,-1,-1;CLAY10 "CLAY10" true false false 19 Double 0 0 ,First,#,C:\Users\Andy\Desktop\townbrook\tb_s2\RasterStore.mdb\Topography,CLAY10,-1,-1;SILT10 "SILT10" true false false 19 Double 0 0 ,First,#,C:\Users\Andy\Desktop\townbrook\tb_s2\RasterStore.mdb\Topography,SILT10,-1,-1;SAND10 "SAND10" true false false 19 Double 0 0 ,First,#,C:\Users\Andy\Desktop\townbrook\tb_s2\RasterStore.mdb\Topography,SAND10,-1,-1;ROCK10 "ROCK10" true false false 19 Double 0 0 ,First,#,C:\Users\Andy\Desktop\townbrook\tb_s2\RasterStore.mdb\Topography,ROCK10,-1,-1;SOL_ALB10 "SOL_ALB10" true false false 19 Double 0 0 ,First,#,C:\Users\Andy\Desktop\townbrook\tb_s2\RasterStore.mdb\Topography,SOL_ALB10,-1,-1;USLE_K10 "USLE_K10" true false false 19 Double 0 0 ,First,#,C:\Users\Andy\Desktop\townbrook\tb_s2\RasterStore.mdb\Topography,USLE_K10,-1,-1;SOL_EC10 "SOL_EC10" true false false 19 Double 0 0 ,First,#,C:\Users\Andy\Desktop\townbrook\tb_s2\RasterStore.mdb\Topography,SOL_EC10,-1,-1;SOL_CAL1 "SOL_CAL1" true false false 19 Double 0 0 ,First,#,C:\Users\Andy\Desktop\townbrook\tb_s2\RasterStore.mdb\Topography,SOL_CAL1,-1,-1;SOL_CAL2 "SOL_CAL2" true false false 19 Double 0 0 ,First,#,C:\Users\Andy\Desktop\townbrook\tb_s2\RasterStore.mdb\Topography,SOL_CAL2,-1,-1;SOL_CAL3 "SOL_CAL3" true false false 19 Double 0 0 ,First,#,C:\Users\Andy\Desktop\townbrook\tb_s2\RasterStore.mdb\Topography,SOL_CAL3,-1,-1;SOL_CAL4 "SOL_CAL4" true false false 19 Double 0 0 ,First,#,C:\Users\Andy\Desktop\townbrook\tb_s2\RasterStore.mdb\Topography,SOL_CAL4,-1,-1;SOL_CAL5 "SOL_CAL5" true false false 19 Double 0 0 ,First,#,C:\Users\Andy\Desktop\townbrook\tb_s2\RasterStore.mdb\Topography,SOL_CAL5,-1,-1;SOL_CAL6 "SOL_CAL6" true false false 19 Double 0 0 ,First,#,C:\Users\Andy\Desktop\townbrook\tb_s2\RasterStore.mdb\Topography,SOL_CAL6,-1,-1;SOL_CAL7 "SOL_CAL7" true false false 19 Double 0 0 ,First,#,C:\Users\Andy\Desktop\townbrook\tb_s2\RasterStore.mdb\Topography,SOL_CAL7,-1,-1;SOL_CAL8 "SOL_CAL8" true false false 19 Double 0 0 ,First,#,C:\Users\Andy\Desktop\townbrook\tb_s2\RasterStore.mdb\Topography,SOL_CAL8,-1,-1;SOL_CAL9 "SOL_CAL9" true false false 19 Double 0 0 ,First,#,C:\Users\Andy\Desktop\townbrook\tb_s2\RasterStore.mdb\Topography,SOL_CAL9,-1,-1;SOL_CAL10 "SOL_CAL10" true false false 19 Double 0 0 ,First,#,C:\Users\Andy\Desktop\townbrook\tb_s2\RasterStore.mdb\Topography,SOL_CAL10,-1,-1;SOL_PH1 "SOL_PH1" true false false 19 Double 0 0 ,First,#,C:\Users\Andy\Desktop\townbrook\tb_s2\RasterStore.mdb\Topography,SOL_PH1,-1,-1;SOL_PH2 "SOL_PH2" true false false 19 Double 0 0 ,First,#,C:\Users\Andy\Desktop\townbrook\tb_s2\RasterStore.mdb\Topography,SOL_PH2,-1,-1;SOL_PH3 "SOL_PH3" true false false 19 Double 0 0 ,First,#,C:\Users\Andy\Desktop\townbrook\tb_s2\RasterStore.mdb\Topography,SOL_PH3,-1,-1;SOL_PH4 "SOL_PH4" true false false 19 Double 0 0 ,First,#,C:\Users\Andy\Desktop\townbrook\tb_s2\RasterStore.mdb\Topography,SOL_PH4,-1,-1;SOL_PH5 "SOL_PH5" true false false 19 Double 0 0 ,First,#,C:\Users\Andy\Desktop\townbrook\tb_s2\RasterStore.mdb\Topography,SOL_PH5,-1,-1;SOL_PH6 "SOL_PH6" true false false 19 Double 0 0 ,First,#,C:\Users\Andy\Desktop\townbrook\tb_s2\RasterStore.mdb\Topography,SOL_PH6,-1,-1;SOL_PH7 "SOL_PH7" true false false 19 Double 0 0 ,First,#,C:\Users\Andy\Desktop\townbrook\tb_s2\RasterStore.mdb\Topography,SOL_PH7,-1,-1;SOL_PH8 "SOL_PH8" true false false 19 Double 0 0 ,First,#,C:\Users\Andy\Desktop\townbrook\tb_s2\RasterStore.mdb\Topography,SOL_PH8,-1,-1;SOL_PH9 "SOL_PH9" true false false 19 Double 0 0 ,First,#,C:\Users\Andy\Desktop\townbrook\tb_s2\RasterStore.mdb\Topography,SOL_PH9,-1,-1;SOL_PH10 "SOL_PH10" true false false 19 Double 0 0 ,First,#,C:\Users\Andy\Desktop\townbrook\tb_s2\RasterStore.mdb\Topography,SOL_PH10,-1,-1;Name "Name" true false false 254 Text 0 0 ,First,#,C:\Users\Andy\Desktop\townbrook\tb_s2\RasterStore.mdb\Topography,Name,-1,-1" #</Process><Process ToolSource="c:\program files (x86)\arcgis\desktop10.2\ArcToolbox\Toolboxes\Data Management Tools.tbx\AddField" Date="20161110" Time="141803">AddField C:\Users\Andy\Desktop\townbrook\tb_s2\Lookup1.dbf vtemp TEXT # # 5 # NON_NULLABLE NON_REQUIRED #</Process><Process ToolSource="c:\program files (x86)\arcgis\desktop10.2\ArcToolbox\Toolboxes\Data Management Tools.tbx\CalculateField" Date="20161110" Time="141803">CalculateField C:\Users\Andy\Desktop\townbrook\tb_s2\Lookup1.dbf vtemp [Value] VB #</Process><Process ToolSource="c:\program files (x86)\arcgis\desktop10.2\ArcToolbox\Toolboxes\Data Management Tools.tbx\DeleteField" Date="20161110" Time="141803">DeleteField C:\Users\Andy\Desktop\townbrook\tb_s2\Lookup1.dbf Value</Process><Process ToolSource="c:\program files (x86)\arcgis\desktop10.2\ArcToolbox\Toolboxes\Data Management Tools.tbx\AddField" Date="20161110" Time="141803">AddField C:\Users\Andy\Desktop\townbrook\tb_s2\Lookup1.dbf Value TEXT # # 5 # NON_NULLABLE NON_REQUIRED #</Process><Process ToolSource="c:\program files (x86)\arcgis\desktop10.2\ArcToolbox\Toolboxes\Data Management Tools.tbx\CalculateField" Date="20161110" Time="141803">CalculateField C:\Users\Andy\Desktop\townbrook\tb_s2\Lookup1.dbf Value [vtemp] VB #</Process><Process ToolSource="c:\program files (x86)\arcgis\desktop10.2\ArcToolbox\Toolboxes\Data Management Tools.tbx\DeleteField" Date="20161110" Time="141803">DeleteField C:\Users\Andy\Desktop\townbrook\tb_s2\Lookup1.dbf vtemp</Process><Process ToolSource="c:\program files (x86)\arcgis\desktop10.2\ArcToolbox\Toolboxes\Data Management Tools.tbx\AddField" Date="20161110" Time="141803">AddField C:\Users\Andy\Desktop\townbrook\tb_s2\Lookup1.dbf ntemp TEXT # # 50 # NON_NULLABLE NON_REQUIRED #</Process><Process ToolSource="c:\program files (x86)\arcgis\desktop10.2\ArcToolbox\Toolboxes\Data Management Tools.tbx\CalculateField" Date="20161110" Time="141803">CalculateField C:\Users\Andy\Desktop\townbrook\tb_s2\Lookup1.dbf ntemp [Name] VB #</Process><Process ToolSource="c:\program files (x86)\arcgis\desktop10.2\ArcToolbox\Toolboxes\Data Management Tools.tbx\DeleteField" Date="20161110" Time="141803">DeleteField C:\Users\Andy\Desktop\townbrook\tb_s2\Lookup1.dbf NAME</Process><Process ToolSource="c:\program files (x86)\arcgis\desktop10.2\ArcToolbox\Toolboxes\Data Management Tools.tbx\AddField" Date="20161110" Time="141804">AddField C:\Users\Andy\Desktop\townbrook\tb_s2\Lookup1.dbf Name TEXT # # 50 # NON_NULLABLE NON_REQUIRED #</Process><Process ToolSource="c:\program files (x86)\arcgis\desktop10.2\ArcToolbox\Toolboxes\Data Management Tools.tbx\CalculateField" Date="20161110" Time="141804">CalculateField C:\Users\Andy\Desktop\townbrook\tb_s2\Lookup1.dbf Name [ntemp] VB #</Process><Process ToolSource="c:\program files (x86)\arcgis\desktop10.2\ArcToolbox\Toolboxes\Data Management Tools.tbx\DeleteField" Date="20161110" Time="141804">DeleteField C:\Users\Andy\Desktop\townbrook\tb_s2\Lookup1.dbf ntemp</Process><Process ToolSource="c:\program files (x86)\arcgis\desktop10.2\ArcToolbox\Toolboxes\Data Management Tools.tbx\DeleteField" Date="20161110" Time="141806">DeleteField C:\Users\Andy\Desktop\townbrook\tb_s2\Lookup1.dbf FlowDir8;Count;DSMWRas;TI_Class;DEMIncr;FAOSOIL;MUID;SEQN;SNAM;S5ID;CMPPCT;NLAYERS;HYDGRP;SOL_ZMX;ANION_EXCL;SOL_CRK;TEXTURE;SOL_Z1;SOL_BD1;SOL_AWC1;SOL_K1;SOL_CBN1;CLAY1;SILT1;SAND1;ROCK1;SOL_ALB1;USLE_K1;SOL_EC1;SOL_Z2;SOL_BD2;SOL_AWC2;SOL_K2;SOL_CBN2;CLAY2;SILT2;SAND2;ROCK2;SOL_ALB2;USLE_K2;SOL_EC2;SOL_Z3;SOL_BD3;SOL_AWC3;SOL_K3;SOL_CBN3;CLAY3;SILT3;SAND3;ROCK3;SOL_ALB3;USLE_K3;SOL_EC3;SOL_Z4;SOL_BD4;SOL_AWC4;SOL_K4;SOL_CBN4;CLAY4;SILT4;SAND4;ROCK4;SOL_ALB4;USLE_K4;SOL_EC4;SOL_Z5;SOL_BD5;SOL_AWC5;SOL_K5;SOL_CBN5;CLAY5;SILT5;SAND5;ROCK5;SOL_ALB5;USLE_K5;SOL_EC5;SOL_Z6;SOL_BD6;SOL_AWC6;SOL_K6;SOL_CBN6;CLAY6;SILT6;SAND6;ROCK6;SOL_ALB6;USLE_K6;SOL_EC6;SOL_Z7;SOL_BD7;SOL_AWC7;SOL_K7;SOL_CBN7;CLAY7;SILT7;SAND7;ROCK7;SOL_ALB7;USLE_K7;SOL_EC7;SOL_Z8;SOL_BD8;SOL_AWC8;SOL_K8;SOL_CBN8;CLAY8;SILT8;SAND8;ROCK8;SOL_ALB8;USLE_K8;SOL_EC8;SOL_Z9;SOL_BD9;SOL_AWC9;SOL_K9;SOL_CBN9;CLAY9;SILT9;SAND9;ROCK9;SOL_ALB9;USLE_K9;SOL_EC9;SOL_Z10;SOL_BD10;SOL_AWC10;SOL_K10;SOL_CBN10;CLAY10;SILT10;SAND10;ROCK10;SOL_ALB10;USLE_K10;SOL_EC10</Process><Process ToolSource="c:\program files (x86)\arcgis\desktop10.2\ArcToolbox\Toolboxes\Data Management Tools.tbx\DeleteField" Date="20161110" Time="141806">DeleteField C:\Users\Andy\Desktop\townbrook\tb_s2\Lookup1.dbf Value_1;Count_1;SOL_CAL1;SOL_CAL2;SOL_CAL3;SOL_CAL4;SOL_CAL5;SOL_CAL6;SOL_CAL7;SOL_CAL8;SOL_CAL9;SOL_CAL10;SOL_PH1;SOL_PH2;SOL_PH3;SOL_PH4;SOL_PH5;SOL_PH6;SOL_PH7;SOL_PH8;SOL_PH9;SOL_PH10</Process></lineage></DataProperties><SyncDate>20161110</SyncDate><SyncTime>14180200</SyncTime><ModDate>20161110</ModDate><ModTime>14180200</ModTime></Esri><dataIdInfo><envirDesc Sync="TRUE"> Version 6.2 (Build 9200) ; Esri ArcGIS 10.2.0.3348</envirDesc><dataLang><languageCode value="eng" Sync="TRUE"></languageCode><countryCode value="USA" Sync="TRUE"></countryCode></dataLang><idCitation><resTitle Sync="TRUE">Lookup1</resTitle><presForm><PresFormCd value="011" Sync="TRUE"></PresFormCd></presForm></idCitation><spatRpType><SpatRepTypCd value="003" Sync="TRUE"></SpatRepTypCd></spatRpType></dataIdInfo><mdLang><languageCode value="eng" Sync="TRUE"></languageCode><countryCode value="USA" Sync="TRUE"></countryCode></mdLang><mdChar><CharSetCd value="004" Sync="TRUE"></CharSetCd></mdChar><distInfo><distFormat><formatName Sync="TRUE">dBASE Table</formatName></distFormat><distTranOps><transSize Sync="TRUE">0.005</transSize></distTranOps></distInfo><mdHrLv><ScopeCd value="007" Sync="TRUE"></ScopeCd></mdHrLv><mdHrLvName Sync="TRUE">dataset</mdHrLvName><eainfo><detailed Name="Lookup1"><enttyp><enttypl Sync="TRUE">Lookup1</enttypl><enttypt Sync="TRUE">Table</enttypt><enttypc Sync="TRUE">0</enttypc></enttyp><attr><attrlabl Sync="TRUE">OID</attrlabl><attalias Sync="TRUE">OID</attalias><attrtype Sync="TRUE">OID</attrtype><attwidth Sync="TRUE">4</attwidth><atprecis Sync="TRUE">0</atprecis><attscale Sync="TRUE">0</attscale><attrdef Sync="TRUE">Internal feature number.</attrdef><attrdefs Sync="TRUE">Esri</attrdefs><attrdomv><udom Sync="TRUE">Sequential unique whole numbers that are automatically generated.</udom></attrdomv></attr><attr><attrlabl Sync="TRUE">Value</attrlabl><attalias Sync="TRUE">Value</attalias><attrtype Sync="TRUE">Integer</attrtype><attwidth Sync="TRUE">9</attwidth><atprecis Sync="TRUE">9</atprecis><attscale Sync="TRUE">0</attscale></attr><attr><attrlabl Sync="TRUE">Count</attrlabl><attalias Sync="TRUE">Count</attalias><attrtype Sync="TRUE">Double</attrtype><attwidth Sync="TRUE">19</attwidth><atprecis Sync="TRUE">0</atprecis><attscale Sync="TRUE">0</attscale></attr><attr><attrlabl Sync="TRUE">DSMWRas</attrlabl><attalias Sync="TRUE">DSMWRas</attalias><attrtype Sync="TRUE">Integer</attrtype><attwidth Sync="TRUE">9</attwidth><atprecis Sync="TRUE">9</atprecis><attscale Sync="TRUE">0</attscale></attr><attr><attrlabl Sync="TRUE">TI_Class</attrlabl><attalias Sync="TRUE">TI_Class</attalias><attrtype Sync="TRUE">Integer</attrtype><attwidth Sync="TRUE">9</attwidth><atprecis Sync="TRUE">9</atprecis><attscale Sync="TRUE">0</attscale></attr><attr><attrlabl Sync="TRUE">DEMIncr</attrlabl><attalias Sync="TRUE">DEMIncr</attalias><attrtype Sync="TRUE">Integer</attrtype><attwidth Sync="TRUE">9</attwidth><atprecis Sync="TRUE">9</atprecis><attscale Sync="TRUE">0</attscale></attr><attr><attrlabl Sync="TRUE">FlowDir8</attrlabl><attalias Sync="TRUE">FlowDir8</attalias><attrtype Sync="TRUE">Integer</attrtype><attwidth Sync="TRUE">9</attwidth><atprecis Sync="TRUE">9</atprecis><attscale Sync="TRUE">0</attscale></attr><attr><attrlabl Sync="TRUE">Value_1</attrlabl><attalias Sync="TRUE">Value_1</attalias><attrtype Sync="TRUE">Integer</attrtype><attwidth Sync="TRUE">9</attwidth><atprecis Sync="TRUE">9</atprecis><attscale Sync="TRUE">0</attscale></attr><attr><attrlabl Sync="TRUE">Count_1</attrlabl><attalias Sync="TRUE">Count_1</attalias><attrtype Sync="TRUE">Double</attrtype><attwidth Sync="TRUE">19</attwidth><atprecis Sync="TRUE">0</atprecis><attscale Sync="TRUE">0</attscale></attr><attr><attrlabl Sync="TRUE">MUID</attrlabl><attalias Sync="TRUE">MUID</attalias><attrtype Sync="TRUE">String</attrtype><attwidth Sync="TRUE">254</attwidth><atprecis Sync="TRUE">0</atprecis><attscale Sync="TRUE">0</attscale></attr><attr><attrlabl Sync="TRUE">SEQN</attrlabl><attalias Sync="TRUE">SEQN</attalias><attrtype Sync="TRUE">String</attrtype><attwidth Sync="TRUE">50</attwidth><atprecis Sync="TRUE">0</atprecis><attscale Sync="TRUE">0</attscale></attr><attr><attrlabl Sync="TRUE">SNAM</attrlabl><attalias Sync="TRUE">SNAM</attalias><attrtype Sync="TRUE">String</attrtype><attwidth Sync="TRUE">254</attwidth><atprecis Sync="TRUE">0</atprecis><attscale Sync="TRUE">0</attscale></attr><attr><attrlabl Sync="TRUE">S5ID</attrlabl><attalias Sync="TRUE">S5ID</attalias><attrtype Sync="TRUE">String</attrtype><attwidth Sync="TRUE">254</attwidth><atprecis Sync="TRUE">0</atprecis><attscale Sync="TRUE">0</attscale></attr><attr><attrlabl Sync="TRUE">CMPPCT</attrlabl><attalias Sync="TRUE">CMPPCT</attalias><attrtype Sync="TRUE">String</attrtype><attwidth Sync="TRUE">254</attwidth><atprecis Sync="TRUE">0</atprecis><attscale Sync="TRUE">0</attscale></attr><attr><attrlabl Sync="TRUE">NLAYERS</attrlabl><attalias Sync="TRUE">NLAYERS</attalias><attrtype Sync="TRUE">Double</attrtype><attwidth Sync="TRUE">19</attwidth><atprecis Sync="TRUE">0</atprecis><attscale Sync="TRUE">0</attscale></attr><attr><attrlabl Sync="TRUE">HYDGRP</attrlabl><attalias Sync="TRUE">HYDGRP</attalias><attrtype Sync="TRUE">String</attrtype><attwidth Sync="TRUE">3</attwidth><atprecis Sync="TRUE">0</atprecis><attscale Sync="TRUE">0</attscale></attr><attr><attrlabl Sync="TRUE">SOL_ZMX</attrlabl><attalias Sync="TRUE">SOL_ZMX</attalias><attrtype Sync="TRUE">Double</attrtype><attwidth Sync="TRUE">19</attwidth><atprecis Sync="TRUE">0</atprecis><attscale Sync="TRUE">0</attscale></attr><attr><attrlabl Sync="TRUE">ANION_EXCL</attrlabl><attalias Sync="TRUE">ANION_EXCL</attalias><attrtype Sync="TRUE">Double</attrtype><attwidth Sync="TRUE">19</attwidth><atprecis Sync="TRUE">0</atprecis><attscale Sync="TRUE">0</attscale></attr><attr><attrlabl Sync="TRUE">SOL_CRK</attrlabl><attalias Sync="TRUE">SOL_CRK</attalias><attrtype Sync="TRUE">Double</attrtype><attwidth Sync="TRUE">19</attwidth><atprecis Sync="TRUE">0</atprecis><attscale Sync="TRUE">0</attscale></attr><attr><attrlabl Sync="TRUE">TEXTURE</attrlabl><attalias Sync="TRUE">TEXTURE</attalias><attrtype Sync="TRUE">String</attrtype><attwidth Sync="TRUE">254</attwidth><atprecis Sync="TRUE">0</atprecis><attscale Sync="TRUE">0</attscale></attr><attr><attrlabl Sync="TRUE">SOL_Z1</attrlabl><attalias Sync="TRUE">SOL_Z1</attalias><attrtype Sync="TRUE">Double</attrtype><attwidth Sync="TRUE">19</attwidth><atprecis Sync="TRUE">0</atprecis><attscale Sync="TRUE">0</attscale></attr><attr><attrlabl Sync="TRUE">SOL_BD1</attrlabl><attalias Sync="TRUE">SOL_BD1</attalias><attrtype Sync="TRUE">Double</attrtype><attwidth Sync="TRUE">19</attwidth><atprecis Sync="TRUE">0</atprecis><attscale Sync="TRUE">0</attscale></attr><attr><attrlabl Sync="TRUE">SOL_AWC1</attrlabl><attalias Sync="TRUE">SOL_AWC1</attalias><attrtype Sync="TRUE">Double</attrtype><attwidth Sync="TRUE">19</attwidth><atprecis Sync="TRUE">0</atprecis><attscale Sync="TRUE">0</attscale></attr><attr><attrlabl Sync="TRUE">SOL_K1</attrlabl><attalias Sync="TRUE">SOL_K1</attalias><attrtype Sync="TRUE">Double</attrtype><attwidth Sync="TRUE">19</attwidth><atprecis Sync="TRUE">0</atprecis><attscale Sync="TRUE">0</attscale></attr><attr><attrlabl Sync="TRUE">SOL_CBN1</attrlabl><attalias Sync="TRUE">SOL_CBN1</attalias><attrtype Sync="TRUE">Double</attrtype><attwidth Sync="TRUE">19</attwidth><atprecis Sync="TRUE">0</atprecis><attscale Sync="TRUE">0</attscale></attr><attr><attrlabl Sync="TRUE">CLAY1</attrlabl><attalias Sync="TRUE">CLAY1</attalias><attrtype Sync="TRUE">Double</attrtype><attwidth Sync="TRUE">19</attwidth><atprecis Sync="TRUE">0</atprecis><attscale Sync="TRUE">0</attscale></attr><attr><attrlabl Sync="TRUE">SILT1</attrlabl><attalias Sync="TRUE">SILT1</attalias><attrtype Sync="TRUE">Double</attrtype><attwidth Sync="TRUE">19</attwidth><atprecis Sync="TRUE">0</atprecis><attscale Sync="TRUE">0</attscale></attr><attr><attrlabl Sync="TRUE">SAND1</attrlabl><attalias Sync="TRUE">SAND1</attalias><attrtype Sync="TRUE">Double</attrtype><attwidth Sync="TRUE">19</attwidth><atprecis Sync="TRUE">0</atprecis><attscale Sync="TRUE">0</attscale></attr><attr><attrlabl Sync="TRUE">ROCK1</attrlabl><attalias Sync="TRUE">ROCK1</attalias><attrtype Sync="TRUE">Double</attrtype><attwidth Sync="TRUE">19</attwidth><atprecis Sync="TRUE">0</atprecis><attscale Sync="TRUE">0</attscale></attr><attr><attrlabl Sync="TRUE">SOL_ALB1</attrlabl><attalias Sync="TRUE">SOL_ALB1</attalias><attrtype Sync="TRUE">Double</attrtype><attwidth Sync="TRUE">19</attwidth><atprecis Sync="TRUE">0</atprecis><attscale Sync="TRUE">0</attscale></attr><attr><attrlabl Sync="TRUE">USLE_K1</attrlabl><attalias Sync="TRUE">USLE_K1</attalias><attrtype Sync="TRUE">Double</attrtype><attwidth Sync="TRUE">19</attwidth><atprecis Sync="TRUE">0</atprecis><attscale Sync="TRUE">0</attscale></attr><attr><attrlabl Sync="TRUE">SOL_EC1</attrlabl><attalias Sync="TRUE">SOL_EC1</attalias><attrtype Sync="TRUE">Double</attrtype><attwidth Sync="TRUE">19</attwidth><atprecis Sync="TRUE">0</atprecis><attscale Sync="TRUE">0</attscale></attr><attr><attrlabl Sync="TRUE">SOL_Z2</attrlabl><attalias Sync="TRUE">SOL_Z2</attalias><attrtype Sync="TRUE">Double</attrtype><attwidth Sync="TRUE">19</attwidth><atprecis Sync="TRUE">0</atprecis><attscale Sync="TRUE">0</attscale></attr><attr><attrlabl Sync="TRUE">SOL_BD2</attrlabl><attalias Sync="TRUE">SOL_BD2</attalias><attrtype Sync="TRUE">Double</attrtype><attwidth Sync="TRUE">19</attwidth><atprecis Sync="TRUE">0</atprecis><attscale Sync="TRUE">0</attscale></attr><attr><attrlabl Sync="TRUE">SOL_AWC2</attrlabl><attalias Sync="TRUE">SOL_AWC2</attalias><attrtype Sync="TRUE">Double</attrtype><attwidth Sync="TRUE">19</attwidth><atprecis Sync="TRUE">0</atprecis><attscale Sync="TRUE">0</attscale></attr><attr><attrlabl Sync="TRUE">SOL_K2</attrlabl><attalias Sync="TRUE">SOL_K2</attalias><attrtype Sync="TRUE">Double</attrtype><attwidth Sync="TRUE">19</attwidth><atprecis Sync="TRUE">0</atprecis><attscale Sync="TRUE">0</attscale></attr><attr><attrlabl Sync="TRUE">SOL_CBN2</attrlabl><attalias Sync="TRUE">SOL_CBN2</attalias><attrtype Sync="TRUE">Double</attrtype><attwidth Sync="TRUE">19</attwidth><atprecis Sync="TRUE">0</atprecis><attscale Sync="TRUE">0</attscale></attr><attr><attrlabl Sync="TRUE">CLAY2</attrlabl><attalias Sync="TRUE">CLAY2</attalias><attrtype Sync="TRUE">Double</attrtype><attwidth Sync="TRUE">19</attwidth><atprecis Sync="TRUE">0</atprecis><attscale Sync="TRUE">0</attscale></attr><attr><attrlabl Sync="TRUE">SILT2</attrlabl><attalias Sync="TRUE">SILT2</attalias><attrtype Sync="TRUE">Double</attrtype><attwidth Sync="TRUE">19</attwidth><atprecis Sync="TRUE">0</atprecis><attscale Sync="TRUE">0</attscale></attr><attr><attrlabl Sync="TRUE">SAND2</attrlabl><attalias Sync="TRUE">SAND2</attalias><attrtype Sync="TRUE">Double</attrtype><attwidth Sync="TRUE">19</attwidth><atprecis Sync="TRUE">0</atprecis><attscale Sync="TRUE">0</attscale></attr><attr><attrlabl Sync="TRUE">ROCK2</attrlabl><attalias Sync="TRUE">ROCK2</attalias><attrtype Sync="TRUE">Double</attrtype><attwidth Sync="TRUE">19</attwidth><atprecis Sync="TRUE">0</atprecis><attscale Sync="TRUE">0</attscale></attr><attr><attrlabl Sync="TRUE">SOL_ALB2</attrlabl><attalias Sync="TRUE">SOL_ALB2</attalias><attrtype Sync="TRUE">Double</attrtype><attwidth Sync="TRUE">19</attwidth><atprecis Sync="TRUE">0</atprecis><attscale Sync="TRUE">0</attscale></attr><attr><attrlabl Sync="TRUE">USLE_K2</attrlabl><attalias Sync="TRUE">USLE_K2</attalias><attrtype Sync="TRUE">Double</attrtype><attwidth Sync="TRUE">19</attwidth><atprecis Sync="TRUE">0</atprecis><attscale Sync="TRUE">0</attscale></attr><attr><attrlabl Sync="TRUE">SOL_EC2</attrlabl><attalias Sync="TRUE">SOL_EC2</attalias><attrtype Sync="TRUE">Double</attrtype><attwidth Sync="TRUE">19</attwidth><atprecis Sync="TRUE">0</atprecis><attscale Sync="TRUE">0</attscale></attr><attr><attrlabl Sync="TRUE">SOL_Z3</attrlabl><attalias Sync="TRUE">SOL_Z3</attalias><attrtype Sync="TRUE">Double</attrtype><attwidth Sync="TRUE">19</attwidth><atprecis Sync="TRUE">0</atprecis><attscale Sync="TRUE">0</attscale></attr><attr><attrlabl Sync="TRUE">SOL_BD3</attrlabl><attalias Sync="TRUE">SOL_BD3</attalias><attrtype Sync="TRUE">Double</attrtype><attwidth Sync="TRUE">19</attwidth><atprecis Sync="TRUE">0</atprecis><attscale Sync="TRUE">0</attscale></attr><attr><attrlabl Sync="TRUE">SOL_AWC3</attrlabl><attalias Sync="TRUE">SOL_AWC3</attalias><attrtype Sync="TRUE">Double</attrtype><attwidth Sync="TRUE">19</attwidth><atprecis Sync="TRUE">0</atprecis><attscale Sync="TRUE">0</attscale></attr><attr><attrlabl Sync="TRUE">SOL_K3</attrlabl><attalias Sync="TRUE">SOL_K3</attalias><attrtype Sync="TRUE">Double</attrtype><attwidth Sync="TRUE">19</attwidth><atprecis Sync="TRUE">0</atprecis><attscale Sync="TRUE">0</attscale></attr><attr><attrlabl Sync="TRUE">SOL_CBN3</attrlabl><attalias Sync="TRUE">SOL_CBN3</attalias><attrtype Sync="TRUE">Double</attrtype><attwidth Sync="TRUE">19</attwidth><atprecis Sync="TRUE">0</atprecis><attscale Sync="TRUE">0</attscale></attr><attr><attrlabl Sync="TRUE">CLAY3</attrlabl><attalias Sync="TRUE">CLAY3</attalias><attrtype Sync="TRUE">Double</attrtype><attwidth Sync="TRUE">19</attwidth><atprecis Sync="TRUE">0</atprecis><attscale Sync="TRUE">0</attscale></attr><attr><attrlabl Sync="TRUE">SILT3</attrlabl><attalias Sync="TRUE">SILT3</attalias><attrtype Sync="TRUE">Double</attrtype><attwidth Sync="TRUE">19</attwidth><atprecis Sync="TRUE">0</atprecis><attscale Sync="TRUE">0</attscale></attr><attr><attrlabl Sync="TRUE">SAND3</attrlabl><attalias Sync="TRUE">SAND3</attalias><attrtype Sync="TRUE">Double</attrtype><attwidth Sync="TRUE">19</attwidth><atprecis Sync="TRUE">0</atprecis><attscale Sync="TRUE">0</attscale></attr><attr><attrlabl Sync="TRUE">ROCK3</attrlabl><attalias Sync="TRUE">ROCK3</attalias><attrtype Sync="TRUE">Double</attrtype><attwidth Sync="TRUE">19</attwidth><atprecis Sync="TRUE">0</atprecis><attscale Sync="TRUE">0</attscale></attr><attr><attrlabl Sync="TRUE">SOL_ALB3</attrlabl><attalias Sync="TRUE">SOL_ALB3</attalias><attrtype Sync="TRUE">Double</attrtype><attwidth Sync="TRUE">19</attwidth><atprecis Sync="TRUE">0</atprecis><attscale Sync="TRUE">0</attscale></attr><attr><attrlabl Sync="TRUE">USLE_K3</attrlabl><attalias Sync="TRUE">USLE_K3</attalias><attrtype Sync="TRUE">Double</attrtype><attwidth Sync="TRUE">19</attwidth><atprecis Sync="TRUE">0</atprecis><attscale Sync="TRUE">0</attscale></attr><attr><attrlabl Sync="TRUE">SOL_EC3</attrlabl><attalias Sync="TRUE">SOL_EC3</attalias><attrtype Sync="TRUE">Double</attrtype><attwidth Sync="TRUE">19</attwidth><atprecis Sync="TRUE">0</atprecis><attscale Sync="TRUE">0</attscale></attr><attr><attrlabl Sync="TRUE">SOL_Z4</attrlabl><attalias Sync="TRUE">SOL_Z4</attalias><attrtype Sync="TRUE">Double</attrtype><attwidth Sync="TRUE">19</attwidth><atprecis Sync="TRUE">0</atprecis><attscale Sync="TRUE">0</attscale></attr><attr><attrlabl Sync="TRUE">SOL_BD4</attrlabl><attalias Sync="TRUE">SOL_BD4</attalias><attrtype Sync="TRUE">Double</attrtype><attwidth Sync="TRUE">19</attwidth><atprecis Sync="TRUE">0</atprecis><attscale Sync="TRUE">0</attscale></attr><attr><attrlabl Sync="TRUE">SOL_AWC4</attrlabl><attalias Sync="TRUE">SOL_AWC4</attalias><attrtype Sync="TRUE">Double</attrtype><attwidth Sync="TRUE">19</attwidth><atprecis Sync="TRUE">0</atprecis><attscale Sync="TRUE">0</attscale></attr><attr><attrlabl Sync="TRUE">SOL_K4</attrlabl><attalias Sync="TRUE">SOL_K4</attalias><attrtype Sync="TRUE">Double</attrtype><attwidth Sync="TRUE">19</attwidth><atprecis Sync="TRUE">0</atprecis><attscale Sync="TRUE">0</attscale></attr><attr><attrlabl Sync="TRUE">SOL_CBN4</attrlabl><attalias Sync="TRUE">SOL_CBN4</attalias><attrtype Sync="TRUE">Double</attrtype><attwidth Sync="TRUE">19</attwidth><atprecis Sync="TRUE">0</atprecis><attscale Sync="TRUE">0</attscale></attr><attr><attrlabl Sync="TRUE">CLAY4</attrlabl><attalias Sync="TRUE">CLAY4</attalias><attrtype Sync="TRUE">Double</attrtype><attwidth Sync="TRUE">19</attwidth><atprecis Sync="TRUE">0</atprecis><attscale Sync="TRUE">0</attscale></attr><attr><attrlabl Sync="TRUE">SILT4</attrlabl><attalias Sync="TRUE">SILT4</attalias><attrtype Sync="TRUE">Double</attrtype><attwidth Sync="TRUE">19</attwidth><atprecis Sync="TRUE">0</atprecis><attscale Sync="TRUE">0</attscale></attr><attr><attrlabl Sync="TRUE">SAND4</attrlabl><attalias Sync="TRUE">SAND4</attalias><attrtype Sync="TRUE">Double</attrtype><attwidth Sync="TRUE">19</attwidth><atprecis Sync="TRUE">0</atprecis><attscale Sync="TRUE">0</attscale></attr><attr><attrlabl Sync="TRUE">ROCK4</attrlabl><attalias Sync="TRUE">ROCK4</attalias><attrtype Sync="TRUE">Double</attrtype><attwidth Sync="TRUE">19</attwidth><atprecis Sync="TRUE">0</atprecis><attscale Sync="TRUE">0</attscale></attr><attr><attrlabl Sync="TRUE">SOL_ALB4</attrlabl><attalias Sync="TRUE">SOL_ALB4</attalias><attrtype Sync="TRUE">Double</attrtype><attwidth Sync="TRUE">19</attwidth><atprecis Sync="TRUE">0</atprecis><attscale Sync="TRUE">0</attscale></attr><attr><attrlabl Sync="TRUE">USLE_K4</attrlabl><attalias Sync="TRUE">USLE_K4</attalias><attrtype Sync="TRUE">Double</attrtype><attwidth Sync="TRUE">19</attwidth><atprecis Sync="TRUE">0</atprecis><attscale Sync="TRUE">0</attscale></attr><attr><attrlabl Sync="TRUE">SOL_EC4</attrlabl><attalias Sync="TRUE">SOL_EC4</attalias><attrtype Sync="TRUE">Double</attrtype><attwidth Sync="TRUE">19</attwidth><atprecis Sync="TRUE">0</atprecis><attscale Sync="TRUE">0</attscale></attr><attr><attrlabl Sync="TRUE">SOL_Z5</attrlabl><attalias Sync="TRUE">SOL_Z5</attalias><attrtype Sync="TRUE">Double</attrtype><attwidth Sync="TRUE">19</attwidth><atprecis Sync="TRUE">0</atprecis><attscale Sync="TRUE">0</attscale></attr><attr><attrlabl Sync="TRUE">SOL_BD5</attrlabl><attalias Sync="TRUE">SOL_BD5</attalias><attrtype Sync="TRUE">Double</attrtype><attwidth Sync="TRUE">19</attwidth><atprecis Sync="TRUE">0</atprecis><attscale Sync="TRUE">0</attscale></attr><attr><attrlabl Sync="TRUE">SOL_AWC5</attrlabl><attalias Sync="TRUE">SOL_AWC5</attalias><attrtype Sync="TRUE">Double</attrtype><attwidth Sync="TRUE">19</attwidth><atprecis Sync="TRUE">0</atprecis><attscale Sync="TRUE">0</attscale></attr><attr><attrlabl Sync="TRUE">SOL_K5</attrlabl><attalias Sync="TRUE">SOL_K5</attalias><attrtype Sync="TRUE">Double</attrtype><attwidth Sync="TRUE">19</attwidth><atprecis Sync="TRUE">0</atprecis><attscale Sync="TRUE">0</attscale></attr><attr><attrlabl Sync="TRUE">SOL_CBN5</attrlabl><attalias Sync="TRUE">SOL_CBN5</attalias><attrtype Sync="TRUE">Double</attrtype><attwidth Sync="TRUE">19</attwidth><atprecis Sync="TRUE">0</atprecis><attscale Sync="TRUE">0</attscale></attr><attr><attrlabl Sync="TRUE">CLAY5</attrlabl><attalias Sync="TRUE">CLAY5</attalias><attrtype Sync="TRUE">Double</attrtype><attwidth Sync="TRUE">19</attwidth><atprecis Sync="TRUE">0</atprecis><attscale Sync="TRUE">0</attscale></attr><attr><attrlabl Sync="TRUE">SILT5</attrlabl><attalias Sync="TRUE">SILT5</attalias><attrtype Sync="TRUE">Double</attrtype><attwidth Sync="TRUE">19</attwidth><atprecis Sync="TRUE">0</atprecis><attscale Sync="TRUE">0</attscale></attr><attr><attrlabl Sync="TRUE">SAND5</attrlabl><attalias Sync="TRUE">SAND5</attalias><attrtype Sync="TRUE">Double</attrtype><attwidth Sync="TRUE">19</attwidth><atprecis Sync="TRUE">0</atprecis><attscale Sync="TRUE">0</attscale></attr><attr><attrlabl Sync="TRUE">ROCK5</attrlabl><attalias Sync="TRUE">ROCK5</attalias><attrtype Sync="TRUE">Double</attrtype><attwidth Sync="TRUE">19</attwidth><atprecis Sync="TRUE">0</atprecis><attscale Sync="TRUE">0</attscale></attr><attr><attrlabl Sync="TRUE">SOL_ALB5</attrlabl><attalias Sync="TRUE">SOL_ALB5</attalias><attrtype Sync="TRUE">Double</attrtype><attwidth Sync="TRUE">19</attwidth><atprecis Sync="TRUE">0</atprecis><attscale Sync="TRUE">0</attscale></attr><attr><attrlabl Sync="TRUE">USLE_K5</attrlabl><attalias Sync="TRUE">USLE_K5</attalias><attrtype Sync="TRUE">Double</attrtype><attwidth Sync="TRUE">19</attwidth><atprecis Sync="TRUE">0</atprecis><attscale Sync="TRUE">0</attscale></attr><attr><attrlabl Sync="TRUE">SOL_EC5</attrlabl><attalias Sync="TRUE">SOL_EC5</attalias><attrtype Sync="TRUE">Double</attrtype><attwidth Sync="TRUE">19</attwidth><atprecis Sync="TRUE">0</atprecis><attscale Sync="TRUE">0</attscale></attr><attr><attrlabl Sync="TRUE">SOL_Z6</attrlabl><attalias Sync="TRUE">SOL_Z6</attalias><attrtype Sync="TRUE">Double</attrtype><attwidth Sync="TRUE">19</attwidth><atprecis Sync="TRUE">0</atprecis><attscale Sync="TRUE">0</attscale></attr><attr><attrlabl Sync="TRUE">SOL_BD6</attrlabl><attalias Sync="TRUE">SOL_BD6</attalias><attrtype Sync="TRUE">Double</attrtype><attwidth Sync="TRUE">19</attwidth><atprecis Sync="TRUE">0</atprecis><attscale Sync="TRUE">0</attscale></attr><attr><attrlabl Sync="TRUE">SOL_AWC6</attrlabl><attalias Sync="TRUE">SOL_AWC6</attalias><attrtype Sync="TRUE">Double</attrtype><attwidth Sync="TRUE">19</attwidth><atprecis Sync="TRUE">0</atprecis><attscale Sync="TRUE">0</attscale></attr><attr><attrlabl Sync="TRUE">SOL_K6</attrlabl><attalias Sync="TRUE">SOL_K6</attalias><attrtype Sync="TRUE">Double</attrtype><attwidth Sync="TRUE">19</attwidth><atprecis Sync="TRUE">0</atprecis><attscale Sync="TRUE">0</attscale></attr><attr><attrlabl Sync="TRUE">SOL_CBN6</attrlabl><attalias Sync="TRUE">SOL_CBN6</attalias><attrtype Sync="TRUE">Double</attrtype><attwidth Sync="TRUE">19</attwidth><atprecis Sync="TRUE">0</atprecis><attscale Sync="TRUE">0</attscale></attr><attr><attrlabl Sync="TRUE">CLAY6</attrlabl><attalias Sync="TRUE">CLAY6</attalias><attrtype Sync="TRUE">Double</attrtype><attwidth Sync="TRUE">19</attwidth><atprecis Sync="TRUE">0</atprecis><attscale Sync="TRUE">0</attscale></attr><attr><attrlabl Sync="TRUE">SILT6</attrlabl><attalias Sync="TRUE">SILT6</attalias><attrtype Sync="TRUE">Double</attrtype><attwidth Sync="TRUE">19</attwidth><atprecis Sync="TRUE">0</atprecis><attscale Sync="TRUE">0</attscale></attr><attr><attrlabl Sync="TRUE">SAND6</attrlabl><attalias Sync="TRUE">SAND6</attalias><attrtype Sync="TRUE">Double</attrtype><attwidth Sync="TRUE">19</attwidth><atprecis Sync="TRUE">0</atprecis><attscale Sync="TRUE">0</attscale></attr><attr><attrlabl Sync="TRUE">ROCK6</attrlabl><attalias Sync="TRUE">ROCK6</attalias><attrtype Sync="TRUE">Double</attrtype><attwidth Sync="TRUE">19</attwidth><atprecis Sync="TRUE">0</atprecis><attscale Sync="TRUE">0</attscale></attr><attr><attrlabl Sync="TRUE">SOL_ALB6</attrlabl><attalias Sync="TRUE">SOL_ALB6</attalias><attrtype Sync="TRUE">Double</attrtype><attwidth Sync="TRUE">19</attwidth><atprecis Sync="TRUE">0</atprecis><attscale Sync="TRUE">0</attscale></attr><attr><attrlabl Sync="TRUE">USLE_K6</attrlabl><attalias Sync="TRUE">USLE_K6</attalias><attrtype Sync="TRUE">Double</attrtype><attwidth Sync="TRUE">19</attwidth><atprecis Sync="TRUE">0</atprecis><attscale Sync="TRUE">0</attscale></attr><attr><attrlabl Sync="TRUE">SOL_EC6</attrlabl><attalias Sync="TRUE">SOL_EC6</attalias><attrtype Sync="TRUE">Double</attrtype><attwidth Sync="TRUE">19</attwidth><atprecis Sync="TRUE">0</atprecis><attscale Sync="TRUE">0</attscale></attr><attr><attrlabl Sync="TRUE">SOL_Z7</attrlabl><attalias Sync="TRUE">SOL_Z7</attalias><attrtype Sync="TRUE">Double</attrtype><attwidth Sync="TRUE">19</attwidth><atprecis Sync="TRUE">0</atprecis><attscale Sync="TRUE">0</attscale></attr><attr><attrlabl Sync="TRUE">SOL_BD7</attrlabl><attalias Sync="TRUE">SOL_BD7</attalias><attrtype Sync="TRUE">Double</attrtype><attwidth Sync="TRUE">19</attwidth><atprecis Sync="TRUE">0</atprecis><attscale Sync="TRUE">0</attscale></attr><attr><attrlabl Sync="TRUE">SOL_AWC7</attrlabl><attalias Sync="TRUE">SOL_AWC7</attalias><attrtype Sync="TRUE">Double</attrtype><attwidth Sync="TRUE">19</attwidth><atprecis Sync="TRUE">0</atprecis><attscale Sync="TRUE">0</attscale></attr><attr><attrlabl Sync="TRUE">SOL_K7</attrlabl><attalias Sync="TRUE">SOL_K7</attalias><attrtype Sync="TRUE">Double</attrtype><attwidth Sync="TRUE">19</attwidth><atprecis Sync="TRUE">0</atprecis><attscale Sync="TRUE">0</attscale></attr><attr><attrlabl Sync="TRUE">SOL_CBN7</attrlabl><attalias Sync="TRUE">SOL_CBN7</attalias><attrtype Sync="TRUE">Double</attrtype><attwidth Sync="TRUE">19</attwidth><atprecis Sync="TRUE">0</atprecis><attscale Sync="TRUE">0</attscale></attr><attr><attrlabl Sync="TRUE">CLAY7</attrlabl><attalias Sync="TRUE">CLAY7</attalias><attrtype Sync="TRUE">Double</attrtype><attwidth Sync="TRUE">19</attwidth><atprecis Sync="TRUE">0</atprecis><attscale Sync="TRUE">0</attscale></attr><attr><attrlabl Sync="TRUE">SILT7</attrlabl><attalias Sync="TRUE">SILT7</attalias><attrtype Sync="TRUE">Double</attrtype><attwidth Sync="TRUE">19</attwidth><atprecis Sync="TRUE">0</atprecis><attscale Sync="TRUE">0</attscale></attr><attr><attrlabl Sync="TRUE">SAND7</attrlabl><attalias Sync="TRUE">SAND7</attalias><attrtype Sync="TRUE">Double</attrtype><attwidth Sync="TRUE">19</attwidth><atprecis Sync="TRUE">0</atprecis><attscale Sync="TRUE">0</attscale></attr><attr><attrlabl Sync="TRUE">ROCK7</attrlabl><attalias Sync="TRUE">ROCK7</attalias><attrtype Sync="TRUE">Double</attrtype><attwidth Sync="TRUE">19</attwidth><atprecis Sync="TRUE">0</atprecis><attscale Sync="TRUE">0</attscale></attr><attr><attrlabl Sync="TRUE">SOL_ALB7</attrlabl><attalias Sync="TRUE">SOL_ALB7</attalias><attrtype Sync="TRUE">Double</attrtype><attwidth Sync="TRUE">19</attwidth><atprecis Sync="TRUE">0</atprecis><attscale Sync="TRUE">0</attscale></attr><attr><attrlabl Sync="TRUE">USLE_K7</attrlabl><attalias Sync="TRUE">USLE_K7</attalias><attrtype Sync="TRUE">Double</attrtype><attwidth Sync="TRUE">19</attwidth><atprecis Sync="TRUE">0</atprecis><attscale Sync="TRUE">0</attscale></attr><attr><attrlabl Sync="TRUE">SOL_EC7</attrlabl><attalias Sync="TRUE">SOL_EC7</attalias><attrtype Sync="TRUE">Double</attrtype><attwidth Sync="TRUE">19</attwidth><atprecis Sync="TRUE">0</atprecis><attscale Sync="TRUE">0</attscale></attr><attr><attrlabl Sync="TRUE">SOL_Z8</attrlabl><attalias Sync="TRUE">SOL_Z8</attalias><attrtype Sync="TRUE">Double</attrtype><attwidth Sync="TRUE">19</attwidth><atprecis Sync="TRUE">0</atprecis><attscale Sync="TRUE">0</attscale></attr><attr><attrlabl Sync="TRUE">SOL_BD8</attrlabl><attalias Sync="TRUE">SOL_BD8</attalias><attrtype Sync="TRUE">Double</attrtype><attwidth Sync="TRUE">19</attwidth><atprecis Sync="TRUE">0</atprecis><attscale Sync="TRUE">0</attscale></attr><attr><attrlabl Sync="TRUE">SOL_AWC8</attrlabl><attalias Sync="TRUE">SOL_AWC8</attalias><attrtype Sync="TRUE">Double</attrtype><attwidth Sync="TRUE">19</attwidth><atprecis Sync="TRUE">0</atprecis><attscale Sync="TRUE">0</attscale></attr><attr><attrlabl Sync="TRUE">SOL_K8</attrlabl><attalias Sync="TRUE">SOL_K8</attalias><attrtype Sync="TRUE">Double</attrtype><attwidth Sync="TRUE">19</attwidth><atprecis Sync="TRUE">0</atprecis><attscale Sync="TRUE">0</attscale></attr><attr><attrlabl Sync="TRUE">SOL_CBN8</attrlabl><attalias Sync="TRUE">SOL_CBN8</attalias><attrtype Sync="TRUE">Double</attrtype><attwidth Sync="TRUE">19</attwidth><atprecis Sync="TRUE">0</atprecis><attscale Sync="TRUE">0</attscale></attr><attr><attrlabl Sync="TRUE">CLAY8</attrlabl><attalias Sync="TRUE">CLAY8</attalias><attrtype Sync="TRUE">Double</attrtype><attwidth Sync="TRUE">19</attwidth><atprecis Sync="TRUE">0</atprecis><attscale Sync="TRUE">0</attscale></attr><attr><attrlabl Sync="TRUE">SILT8</attrlabl><attalias Sync="TRUE">SILT8</attalias><attrtype Sync="TRUE">Double</attrtype><attwidth Sync="TRUE">19</attwidth><atprecis Sync="TRUE">0</atprecis><attscale Sync="TRUE">0</attscale></attr><attr><attrlabl Sync="TRUE">SAND8</attrlabl><attalias Sync="TRUE">SAND8</attalias><attrtype Sync="TRUE">Double</attrtype><attwidth Sync="TRUE">19</attwidth><atprecis Sync="TRUE">0</atprecis><attscale Sync="TRUE">0</attscale></attr><attr><attrlabl Sync="TRUE">ROCK8</attrlabl><attalias Sync="TRUE">ROCK8</attalias><attrtype Sync="TRUE">Double</attrtype><attwidth Sync="TRUE">19</attwidth><atprecis Sync="TRUE">0</atprecis><attscale Sync="TRUE">0</attscale></attr><attr><attrlabl Sync="TRUE">SOL_ALB8</attrlabl><attalias Sync="TRUE">SOL_ALB8</attalias><attrtype Sync="TRUE">Double</attrtype><attwidth Sync="TRUE">19</attwidth><atprecis Sync="TRUE">0</atprecis><attscale Sync="TRUE">0</attscale></attr><attr><attrlabl Sync="TRUE">USLE_K8</attrlabl><attalias Sync="TRUE">USLE_K8</attalias><attrtype Sync="TRUE">Double</attrtype><attwidth Sync="TRUE">19</attwidth><atprecis Sync="TRUE">0</atprecis><attscale Sync="TRUE">0</attscale></attr><attr><attrlabl Sync="TRUE">SOL_EC8</attrlabl><attalias Sync="TRUE">SOL_EC8</attalias><attrtype Sync="TRUE">Double</attrtype><attwidth Sync="TRUE">19</attwidth><atprecis Sync="TRUE">0</atprecis><attscale Sync="TRUE">0</attscale></attr><attr><attrlabl Sync="TRUE">SOL_Z9</attrlabl><attalias Sync="TRUE">SOL_Z9</attalias><attrtype Sync="TRUE">Double</attrtype><attwidth Sync="TRUE">19</attwidth><atprecis Sync="TRUE">0</atprecis><attscale Sync="TRUE">0</attscale></attr><attr><attrlabl Sync="TRUE">SOL_BD9</attrlabl><attalias Sync="TRUE">SOL_BD9</attalias><attrtype Sync="TRUE">Double</attrtype><attwidth Sync="TRUE">19</attwidth><atprecis Sync="TRUE">0</atprecis><attscale Sync="TRUE">0</attscale></attr><attr><attrlabl Sync="TRUE">SOL_AWC9</attrlabl><attalias Sync="TRUE">SOL_AWC9</attalias><attrtype Sync="TRUE">Double</attrtype><attwidth Sync="TRUE">19</attwidth><atprecis Sync="TRUE">0</atprecis><attscale Sync="TRUE">0</attscale></attr><attr><attrlabl Sync="TRUE">SOL_K9</attrlabl><attalias Sync="TRUE">SOL_K9</attalias><attrtype Sync="TRUE">Double</attrtype><attwidth Sync="TRUE">19</attwidth><atprecis Sync="TRUE">0</atprecis><attscale Sync="TRUE">0</attscale></attr><attr><attrlabl Sync="TRUE">SOL_CBN9</attrlabl><attalias Sync="TRUE">SOL_CBN9</attalias><attrtype Sync="TRUE">Double</attrtype><attwidth Sync="TRUE">19</attwidth><atprecis Sync="TRUE">0</atprecis><attscale Sync="TRUE">0</attscale></attr><attr><attrlabl Sync="TRUE">CLAY9</attrlabl><attalias Sync="TRUE">CLAY9</attalias><attrtype Sync="TRUE">Double</attrtype><attwidth Sync="TRUE">19</attwidth><atprecis Sync="TRUE">0</atprecis><attscale Sync="TRUE">0</attscale></attr><attr><attrlabl Sync="TRUE">SILT9</attrlabl><attalias Sync="TRUE">SILT9</attalias><attrtype Sync="TRUE">Double</attrtype><attwidth Sync="TRUE">19</attwidth><atprecis Sync="TRUE">0</atprecis><attscale Sync="TRUE">0</attscale></attr><attr><attrlabl Sync="TRUE">SAND9</attrlabl><attalias Sync="TRUE">SAND9</attalias><attrtype Sync="TRUE">Double</attrtype><attwidth Sync="TRUE">19</attwidth><atprecis Sync="TRUE">0</atprecis><attscale Sync="TRUE">0</attscale></attr><attr><attrlabl Sync="TRUE">ROCK9</attrlabl><attalias Sync="TRUE">ROCK9</attalias><attrtype Sync="TRUE">Double</attrtype><attwidth Sync="TRUE">19</attwidth><atprecis Sync="TRUE">0</atprecis><attscale Sync="TRUE">0</attscale></attr><attr><attrlabl Sync="TRUE">SOL_ALB9</attrlabl><attalias Sync="TRUE">SOL_ALB9</attalias><attrtype Sync="TRUE">Double</attrtype><attwidth Sync="TRUE">19</attwidth><atprecis Sync="TRUE">0</atprecis><attscale Sync="TRUE">0</attscale></attr><attr><attrlabl Sync="TRUE">USLE_K9</attrlabl><attalias Sync="TRUE">USLE_K9</attalias><attrtype Sync="TRUE">Double</attrtype><attwidth Sync="TRUE">19</attwidth><atprecis Sync="TRUE">0</atprecis><attscale Sync="TRUE">0</attscale></attr><attr><attrlabl Sync="TRUE">SOL_EC9</attrlabl><attalias Sync="TRUE">SOL_EC9</attalias><attrtype Sync="TRUE">Double</attrtype><attwidth Sync="TRUE">19</attwidth><atprecis Sync="TRUE">0</atprecis><attscale Sync="TRUE">0</attscale></attr><attr><attrlabl Sync="TRUE">SOL_Z10</attrlabl><attalias Sync="TRUE">SOL_Z10</attalias><attrtype Sync="TRUE">Double</attrtype><attwidth Sync="TRUE">19</attwidth><atprecis Sync="TRUE">0</atprecis><attscale Sync="TRUE">0</attscale></attr><attr><attrlabl Sync="TRUE">SOL_BD10</attrlabl><attalias Sync="TRUE">SOL_BD10</attalias><attrtype Sync="TRUE">Double</attrtype><attwidth Sync="TRUE">19</attwidth><atprecis Sync="TRUE">0</atprecis><attscale Sync="TRUE">0</attscale></attr><attr><attrlabl Sync="TRUE">SOL_AWC10</attrlabl><attalias Sync="TRUE">SOL_AWC10</attalias><attrtype Sync="TRUE">Double</attrtype><attwidth Sync="TRUE">19</attwidth><atprecis Sync="TRUE">0</atprecis><attscale Sync="TRUE">0</attscale></attr><attr><attrlabl Sync="TRUE">SOL_K10</attrlabl><attalias Sync="TRUE">SOL_K10</attalias><attrtype Sync="TRUE">Double</attrtype><attwidth Sync="TRUE">19</attwidth><atprecis Sync="TRUE">0</atprecis><attscale Sync="TRUE">0</attscale></attr><attr><attrlabl Sync="TRUE">SOL_CBN10</attrlabl><attalias Sync="TRUE">SOL_CBN10</attalias><attrtype Sync="TRUE">Double</attrtype><attwidth Sync="TRUE">19</attwidth><atprecis Sync="TRUE">0</atprecis><attscale Sync="TRUE">0</attscale></attr><attr><attrlabl Sync="TRUE">CLAY10</attrlabl><attalias Sync="TRUE">CLAY10</attalias><attrtype Sync="TRUE">Double</attrtype><attwidth Sync="TRUE">19</attwidth><atprecis Sync="TRUE">0</atprecis><attscale Sync="TRUE">0</attscale></attr><attr><attrlabl Sync="TRUE">SILT10</attrlabl><attalias Sync="TRUE">SILT10</attalias><attrtype Sync="TRUE">Double</attrtype><attwidth Sync="TRUE">19</attwidth><atprecis Sync="TRUE">0</atprecis><attscale Sync="TRUE">0</attscale></attr><attr><attrlabl Sync="TRUE">SAND10</attrlabl><attalias Sync="TRUE">SAND10</attalias><attrtype Sync="TRUE">Double</attrtype><attwidth Sync="TRUE">19</attwidth><atprecis Sync="TRUE">0</atprecis><attscale Sync="TRUE">0</attscale></attr><attr><attrlabl Sync="TRUE">ROCK10</attrlabl><attalias Sync="TRUE">ROCK10</attalias><attrtype Sync="TRUE">Double</attrtype><attwidth Sync="TRUE">19</attwidth><atprecis Sync="TRUE">0</atprecis><attscale Sync="TRUE">0</attscale></attr><attr><attrlabl Sync="TRUE">SOL_ALB10</attrlabl><attalias Sync="TRUE">SOL_ALB10</attalias><attrtype Sync="TRUE">Double</attrtype><attwidth Sync="TRUE">19</attwidth><atprecis Sync="TRUE">0</atprecis><attscale Sync="TRUE">0</attscale></attr><attr><attrlabl Sync="TRUE">USLE_K10</attrlabl><attalias Sync="TRUE">USLE_K10</attalias><attrtype Sync="TRUE">Double</attrtype><attwidth Sync="TRUE">19</attwidth><atprecis Sync="TRUE">0</atprecis><attscale Sync="TRUE">0</attscale></attr><attr><attrlabl Sync="TRUE">SOL_EC10</attrlabl><attalias Sync="TRUE">SOL_EC10</attalias><attrtype Sync="TRUE">Double</attrtype><attwidth Sync="TRUE">19</attwidth><atprecis Sync="TRUE">0</atprecis><attscale Sync="TRUE">0</attscale></attr><attr><attrlabl Sync="TRUE">SOL_CAL1</attrlabl><attalias Sync="TRUE">SOL_CAL1</attalias><attrtype Sync="TRUE">Double</attrtype><attwidth Sync="TRUE">19</attwidth><atprecis Sync="TRUE">0</atprecis><attscale Sync="TRUE">0</attscale></attr><attr><attrlabl Sync="TRUE">SOL_CAL2</attrlabl><attalias Sync="TRUE">SOL_CAL2</attalias><attrtype Sync="TRUE">Double</attrtype><attwidth Sync="TRUE">19</attwidth><atprecis Sync="TRUE">0</atprecis><attscale Sync="TRUE">0</attscale></attr><attr><attrlabl Sync="TRUE">SOL_CAL3</attrlabl><attalias Sync="TRUE">SOL_CAL3</attalias><attrtype Sync="TRUE">Double</attrtype><attwidth Sync="TRUE">19</attwidth><atprecis Sync="TRUE">0</atprecis><attscale Sync="TRUE">0</attscale></attr><attr><attrlabl Sync="TRUE">SOL_CAL4</attrlabl><attalias Sync="TRUE">SOL_CAL4</attalias><attrtype Sync="TRUE">Double</attrtype><attwidth Sync="TRUE">19</attwidth><atprecis Sync="TRUE">0</atprecis><attscale Sync="TRUE">0</attscale></attr><attr><attrlabl Sync="TRUE">SOL_CAL5</attrlabl><attalias Sync="TRUE">SOL_CAL5</attalias><attrtype Sync="TRUE">Double</attrtype><attwidth Sync="TRUE">19</attwidth><atprecis Sync="TRUE">0</atprecis><attscale Sync="TRUE">0</attscale></attr><attr><attrlabl Sync="TRUE">SOL_CAL6</attrlabl><attalias Sync="TRUE">SOL_CAL6</attalias><attrtype Sync="TRUE">Double</attrtype><attwidth Sync="TRUE">19</attwidth><atprecis Sync="TRUE">0</atprecis><attscale Sync="TRUE">0</attscale></attr><attr><attrlabl Sync="TRUE">SOL_CAL7</attrlabl><attalias Sync="TRUE">SOL_CAL7</attalias><attrtype Sync="TRUE">Double</attrtype><attwidth Sync="TRUE">19</attwidth><atprecis Sync="TRUE">0</atprecis><attscale Sync="TRUE">0</attscale></attr><attr><attrlabl Sync="TRUE">SOL_CAL8</attrlabl><attalias Sync="TRUE">SOL_CAL8</attalias><attrtype Sync="TRUE">Double</attrtype><attwidth Sync="TRUE">19</attwidth><atprecis Sync="TRUE">0</atprecis><attscale Sync="TRUE">0</attscale></attr><attr><attrlabl Sync="TRUE">SOL_CAL9</attrlabl><attalias Sync="TRUE">SOL_CAL9</attalias><attrtype Sync="TRUE">Double</attrtype><attwidth Sync="TRUE">19</attwidth><atprecis Sync="TRUE">0</atprecis><attscale Sync="TRUE">0</attscale></attr><attr><attrlabl Sync="TRUE">SOL_CAL10</attrlabl><attalias Sync="TRUE">SOL_CAL10</attalias><attrtype Sync="TRUE">Double</attrtype><attwidth Sync="TRUE">19</attwidth><atprecis Sync="TRUE">0</atprecis><attscale Sync="TRUE">0</attscale></attr><attr><attrlabl Sync="TRUE">SOL_PH1</attrlabl><attalias Sync="TRUE">SOL_PH1</attalias><attrtype Sync="TRUE">Double</attrtype><attwidth Sync="TRUE">19</attwidth><atprecis Sync="TRUE">0</atprecis><attscale Sync="TRUE">0</attscale></attr><attr><attrlabl Sync="TRUE">SOL_PH2</attrlabl><attalias Sync="TRUE">SOL_PH2</attalias><attrtype Sync="TRUE">Double</attrtype><attwidth Sync="TRUE">19</attwidth><atprecis Sync="TRUE">0</atprecis><attscale Sync="TRUE">0</attscale></attr><attr><attrlabl Sync="TRUE">SOL_PH3</attrlabl><attalias Sync="TRUE">SOL_PH3</attalias><attrtype Sync="TRUE">Double</attrtype><attwidth Sync="TRUE">19</attwidth><atprecis Sync="TRUE">0</atprecis><attscale Sync="TRUE">0</attscale></attr><attr><attrlabl Sync="TRUE">SOL_PH4</attrlabl><attalias Sync="TRUE">SOL_PH4</attalias><attrtype Sync="TRUE">Double</attrtype><attwidth Sync="TRUE">19</attwidth><atprecis Sync="TRUE">0</atprecis><attscale Sync="TRUE">0</attscale></attr><attr><attrlabl Sync="TRUE">SOL_PH5</attrlabl><attalias Sync="TRUE">SOL_PH5</attalias><attrtype Sync="TRUE">Double</attrtype><attwidth Sync="TRUE">19</attwidth><atprecis Sync="TRUE">0</atprecis><attscale Sync="TRUE">0</attscale></attr><attr><attrlabl Sync="TRUE">SOL_PH6</attrlabl><attalias Sync="TRUE">SOL_PH6</attalias><attrtype Sync="TRUE">Double</attrtype><attwidth Sync="TRUE">19</attwidth><atprecis Sync="TRUE">0</atprecis><attscale Sync="TRUE">0</attscale></attr><attr><attrlabl Sync="TRUE">SOL_PH7</attrlabl><attalias Sync="TRUE">SOL_PH7</attalias><attrtype Sync="TRUE">Double</attrtype><attwidth Sync="TRUE">19</attwidth><atprecis Sync="TRUE">0</atprecis><attscale Sync="TRUE">0</attscale></attr><attr><attrlabl Sync="TRUE">SOL_PH8</attrlabl><attalias Sync="TRUE">SOL_PH8</attalias><attrtype Sync="TRUE">Double</attrtype><attwidth Sync="TRUE">19</attwidth><atprecis Sync="TRUE">0</atprecis><attscale Sync="TRUE">0</attscale></attr><attr><attrlabl Sync="TRUE">SOL_PH9</attrlabl><attalias Sync="TRUE">SOL_PH9</attalias><attrtype Sync="TRUE">Double</attrtype><attwidth Sync="TRUE">19</attwidth><atprecis Sync="TRUE">0</atprecis><attscale Sync="TRUE">0</attscale></attr><attr><attrlabl Sync="TRUE">SOL_PH10</attrlabl><attalias Sync="TRUE">SOL_PH10</attalias><attrtype Sync="TRUE">Double</attrtype><attwidth Sync="TRUE">19</attwidth><atprecis Sync="TRUE">0</atprecis><attscale Sync="TRUE">0</attscale></attr><attr><attrlabl Sync="TRUE">Name</attrlabl><attalias Sync="TRUE">Name</attalias><attrtype Sync="TRUE">String</attrtype><attwidth Sync="TRUE">254</attwidth><atprecis Sync="TRUE">0</atprecis><attscale Sync="TRUE">0</attscale></attr></detailed></eainfo><mdDateSt Sync="TRUE">20161110</mdDateSt></metadata>
