<?xml version="1.0" encoding="UTF-8"?>
<metadata xml:lang="en"><Esri><CreaDate>20161110</CreaDate><CreaTime>14214200</CreaTime><ArcGISFormat>1.0</ArcGISFormat><SyncOnce>TRUE</SyncOnce><DataProperties><lineage><Process ToolSource="c:\program files (x86)\arcgis\desktop10.2\ArcToolbox\Toolboxes\Data Management Tools.tbx\BuildRasterAttributeTable" Date="20161110" Time="142142">BuildRasterAttributeTable C:\Users\Andy\Desktop\townbrook\tb_s2\Watershed\Grid\landuse1 NONE</Process></lineage></DataProperties></Esri></metadata>
